[
    {
        "id" : 1,
        "title" : "requirements",
        "body" : "https://res.cloudinary.com/mianikenia/image/upload/v1600656351/assets/requirements_dqeppe.png"
    },
    {
        "id" : 2,
        "title" : "vs",
        "body" : "https://res.cloudinary.com/mianikenia/image/upload/v1600656351/assets/VS_uvtrr5.png"
    },
    {
        "id" : 3,
        "title" : "top score",
        "body" : "https://res.cloudinary.com/mianikenia/image/upload/v1600656351/assets/top-score-bg_d2xjn8.png" 
    },
    {
        "id" : 4,
        "title" : "twich",
        "body" : "https://res.cloudinary.com/mianikenia/image/upload/v1600656350/assets/twitch_muwjok.svg" 
    },
    {
        "id" : 5,
        "title" : "vector",
        "body" : "https://res.cloudinary.com/mianikenia/image/upload/v1600656350/assets/Vector_ipbez3.svg" 
    },
    {
        "id" : 6,
        "title" : "twitter",
        "body" : "https://res.cloudinary.com/mianikenia/image/upload/v1600656350/assets/twitter_jlmirc.svg" 
    },
    {
        "id" : 7,
        "title" : "the-games",
        "body" : "https://res.cloudinary.com/mianikenia/image/upload/v1600656350/assets/the-games-bg_fvusde.jpg" 
    },
    {
        "id" : 8,
        "title" : "main-bg",
        "body" : "https://res.cloudinary.com/mianikenia/image/upload/v1600656349/assets/main-bg_of2er8.jpg" 
    },
    {
        "id" : 9,
        "title" : "refresh",
        "body" : "https://res.cloudinary.com/mianikenia/image/upload/v1600656349/assets/refresh_xscxbi.png" 
    },
    {
        "id" : 10,
        "title" : "rockpaperstrategy",
        "body" : "https://res.cloudinary.com/mianikenia/image/upload/v1600656349/assets/rockpaperstrategy-1600_ocmncq.jpg" 
    },
    {
        "id" : 11,
        "title" : "gunting",
        "body" : "https://res.cloudinary.com/mianikenia/image/upload/v1600656348/assets/gunting_fcltxa.png" 
    },
    {
        "id" : 12,
        "title" : "seri",
        "body" : "https://res.cloudinary.com/mianikenia/image/upload/v1600656348/assets/seri_h8g6id.png" 
    },
    {
        "id" : 13,
        "title" : "features",
        "body" : "https://res.cloudinary.com/mianikenia/image/upload/v1600656347/assets/features_gst2fl.jpg" 
    },
    {
        "id" : 14,
        "title" : "batu",
        "body" : "https://res.cloudinary.com/mianikenia/image/upload/v1600656346/assets/batu_ua77pr.png" 
    },
    {
        "id" : 15,
        "title" : "kertas",
        "body" : "https://res.cloudinary.com/mianikenia/image/upload/v1600656346/assets/kertas_vstgai.png" 
    },
    {
        "id" : 16,
        "title" : "menang",
        "body" : "https://res.cloudinary.com/mianikenia/image/upload/v1600656337/assets/menang.png" 
    },
    {
        "id" : 17,
        "title" : "kalah",
        "body" : "https://res.cloudinary.com/mianikenia/image/upload/v1600656336/assets/kalah_fjj2n6.png" 
    },
    {
        "id" : 18,
        "title" : "facebook",
        "body" : "https://res.cloudinary.com/mianikenia/image/upload/v1600656335/assets/facebook_gd1ral.svg" 
    },
    {
        "id" : 19,
        "title" : "background blur",
        "body" : "https://res.cloudinary.com/mianikenia/image/upload/v1600670731/assets/background-blur_dtgle6.jpg" 
    }
]